Suffix,Total mode,ky*rhoi,kx*rhoi,nu_ei(cs/a),f mode,omega(cs/a),f(kHz),omega*i(cs/a),omega*e(cs/a),gamma(cs/a),E_par mode,E_par,D_chi mode,Qem_e/Qes_e,Qem_i/Qes_i,Qem_z/Qes_z,Q_i/Q_e,chi_i/chi_e,D_i/chi_tot,D_e/chi_tot,D_z/chi_tot,D_i/chi_e,D_e/chi_e,D_z/chi_e,D_i/chi_i,D_e/chi_i,D_z/chi_i,
3,other,0.1,0.4,7.37778,other,-5.873134737,-122.7741208,4.316192,5.4095907,0.086786734,ITG/TEM,0.984075365,MTM,3.077560401,0.004552072,0.004565267,0.092442515,0.053762674,0.025912628,0.02255553,0.009650442,0.028381887,0.024704885,0.01057005,0.527910622,0.459517419,0.196605726,/global/cscratch1/sd/maxcurie/LL_k_scan_2D/scanfiles0007
4,other,0.11,0.4,7.37778,other,-6.766313858,-141.4454584,4.7478112,5.95054977,0.117517671,ITG/TEM,0.985773391,MTM,2.829670229,-0.004018916,0.00322908,0.065245059,0.03794519,0.018869054,0.017227244,0.010917738,0.020351519,0.018580718,0.0117755,0.536339882,0.489672545,0.310329182,/global/cscratch1/sd/maxcurie/LL_k_scan_2D/scanfiles0007
5,other,0.15,0.4,7.37778,other,-8.436,-176.349178,6.474288,8.11438605,0.656,ITG/TEM,0.975778975,MTM,4.270679134,0.012538265,0.004192801,0.095382578,0.055472554,0.030891068,0.030581281,0.029392375,0.034492621,0.034146716,0.032819198,0.621796155,0.615560552,0.59162947,/global/cscratch1/sd/maxcurie/LL_k_scan_2D/scanfiles0007
6,other,0.16,0.4,7.37778,other,-8.773,-183.3939472,6.9059072,8.65534512,0.701,ITG/TEM,0.97499575,MTM,4.691463597,0.015851844,0.004643201,0.085260097,0.049585527,0.027754021,0.027830873,0.028125798,0.030721459,0.030806528,0.031132986,0.619565051,0.62128064,0.627864381,/global/cscratch1/sd/maxcurie/LL_k_scan_2D/scanfiles0007
7,other,0.17,0.4,7.37778,other,-9.104,-190.3132903,7.3375264,9.19630419,0.721,ITG/TEM,0.974823324,MTM,5.360590005,0.02003756,0.005334637,0.072164629,0.041969471,0.023589213,0.023971036,0.025440447,0.02578394,0.026201287,0.027807411,0.614349895,0.624293961,0.662562834,/global/cscratch1/sd/maxcurie/LL_k_scan_2D/scanfiles0007
8,other,0.18,0.4,7.37778,other,-9.390882798,-196.3103915,7.7691456,9.73726326,0.728297551,ITG/TEM,0.974977731,MTM,6.201905786,0.025145953,0.006269582,0.059036285,0.034334295,0.01930725,0.019895589,0.022158606,0.020818579,0.021452972,0.023893133,0.606349394,0.624826359,0.695897007,/global/cscratch1/sd/maxcurie/LL_k_scan_2D/scanfiles0007
